ref_chr	query_chr	ref_start	ref_stop	size	SV_type	query_start	query_stop	info
SU1206_chr01	CBS7001_chr01	130457	132375	1918	deletion	127941	128834
SU1206_chr01	CBS7001_chr01	180419	180750	331	deletion	179354	179361
SU1206_chr01	CBS7001_chr01	204716	206035	1319	deletion	203171	204167	complicated
SU1206_chr02	CBS7001_chr02	6008	856857	850849	transloc	5579	851866	]SU1206chr15:738024]
SU1206_chr02	CBS7001_chr02	224712	224739	87	contraction	220146	220233
SU1206_chr02	CBS7001_chr02	458419	459844	1425	deletion	453929	454845	complicated
SU1206_chr02	CBS7001_chr02	472646	472681	107	insertion	467645	467752
SU1206_chr02	CBS7001_chr02	475514	476750	1236	deletion	470580	471239
SU1206_chr02	CBS7001_chr02	496444	496463	101	insertion	490981	491082
SU1206_chr02	CBS7001_chr02	555989	556051	62	deletion	550527	550594
SU1206_chr02	CBS7001_chr02	565791	565963	172	duplication	560440	560694
SU1206_chr02	CBS7001_chr02	567377	568023	646	deletion	562095	562280
SU1206_chr02	CBS7001_chr02	569238	570245	1007	duplication	564104	564120
SU1206_chr02	CBS7001_chr02	799892	800570	1381	insertion	794107	795488
SU1206_chr02	CBS7001_chr07	857227	898700	279	insertion	896002	896281
SU1206_chr02	CBS7001_chr07	857227	996352	139125	transloc	896281	1035211	[SU1206_chr07:898700[
SU1206_chr03	CBS7001_chr03	91065	91081	581	insertion	84378	84959
SU1206_chr03	CBS7001_chr03	125535	126568	1033	deletion	118798	118941
SU1206_chr03	CBS7001_chr03	170842	170846	112	insertion	162658	162770
SU1206_chr03	CBS7001_chr03	174895	175947	1052	deletion	166796	167280
SU1206_chr03	CBS7001_chr03	203626	203663	373	insertion	194952	195325
SU1206_chr03	CBS7001_chr03	247656	247658	98	insertion	235721	235819
SU1206_chr03	CBS7001_chr03	282417	283551	1134	deletion	270705	270981
SU1206_chr03	CBS7001_chr03	298547	298654	107	deletion	285997	285999
SU1206_chr04	CBS7001_chr04	476385	476711	326	deletion	458895	458936
SU1206_chr04	CBS7001_chr04	687534	687679	145	deletion	668499	668533
SU1206_chr04	CBS7001_chr04	971314	971314	102	insertion	950267	950369
SU1206_chr04	CBS7001_chr04	986741	988000	1259	deletion	965734	966711
SU1206_chr04	CBS7001_chr04	993461	996235	2774	deletion	972189	972613
SU1206_chr05	CBS7001_chr05	63158	131894	156	insertion	77664	77820
SU1206_chr05	CBS7001_chr12	88245	637401	549156	transloc	557214	1160176	[SU1206_chr12:1081888[
SU1206_chr05	CBS7001_chr12	94228	478044	38750	insertion	515454	554204
SU1206_chr05	CBS7001_chr05	182330	183036	2039	insertion	128509	130548	complicated
SU1206_chr05	CBS7001_chr05	195576	198791	3215	deletion	143160	143170	complicated
SU1206_chr05	CBS7001_chr05	495727	501099	5372	inversion	441385	446269
SU1206_chr05	CBS7001_chr05	505089	508150	3061	deletion	450181	450520
SU1206_chr05	CBS7001_chr05	526999	548041	21042	inversion	469540	489832
SU1206_chr05	CBS7001_chr05	605298	606134	1177	insertion	546462	547639
SU1206_chr05	CBS7001_chr12	634916	1081888	4365	insertion	1153362	1157727
SU1206_chr06	06	21924	22476	1020	insertion	5637	6657
SU1206_chr06	06	63203	63243	192	insertion	46357	46549
SU1206_chr06	06	85639	85697	58	duplication	68964	69009
SU1206_chr06	06	108540	108544	154	insertion	91940	92094
SU1206_chr06	06	145219	146302	1083	deletion	128820	129315
SU1206_chr06	06	182028	182352	324	deletion	164046	164050
SU1206_chr06	06	194978	197270	2292	deletion	176642	176731
SU1206_chr06	06	246572	247146	1238	insertion	227177	228415
SU1206_chr07	CBS7001_chr12	3207	17155	13948	transloc	570957	556843	]SU1206_chr12:4626]
SU1206_chr07	CBS7001_chr07	18357	898700	880343	transloc	14874	896002	]SU1206_chr02:857227]
SU1206_chr07	CBS7001_chr07	121111	122205	1094	deletion	120557	121381	complicated
SU1206_chr07	CBS7001_chr07	127936	129048	1112	deletion	127104	127872
SU1206_chr07	CBS7001_chr07	165668	165670	116	insertion	164407	164523
SU1206_chr07	CBS7001_chr07	172633	172667	880	insertion	171491	172371
SU1206_chr07	CBS7001_chr07	293114	293859	1065	insertion	292591	293656
SU1206_chr07	CBS7001_chr07	331762	332398	1321	insertion	331966	333287
SU1206_chr07	CBS7001_chr07	383143	383148	116	insertion	384177	384293
SU1206_chr07	CBS7001_chr07	405505	409698	4193	deletion	406566	407334
SU1206_chr07	CBS7001_chr07	493750	493827	77	deletion	491975	491976
SU1206_chr07	CBS7001_chr07	530856	530973	117	deletion	529026	529158
SU1206_chr07	CBS7001_chr07	530856	530973	123	insertion	529026	529149	double
SU1206_chr07	CBS7001_chr07	604923	604927	350	insertion	604593	604943
SU1206_chr07	CBS7001_chr07	714589	716999	2410	deletion	715083	715363
SU1206_chr07	CBS7001_chr07	758991	760028	1037	deletion	757264	757920
SU1206_chr07	CBS7001_chr07	812551	813439	1451	insertion	809990	811441
SU1206_chr08	CBS7001_chr08	13675	14209	2200	insertion	16534	18734
SU1206_chr08	CBS7001_chr08	16103	16456	1574	insertion	20672	22246
SU1206_chr08	CBS7001_chr08	19776	19926	1149	insertion	25615	26764
SU1206_chr08	CBS7001_chr08	22561	22583	122	contraction	29403	29525
SU1206_chr08	CBS7001_chr08	34280	34282	81	insertion	41755	41836
SU1206_chr08	CBS7001_chr08	138776	139511	1367	insertion	145871	147238
SU1206_chr08	CBS7001_chr08	173326	173327	101	insertion	181390	181491
SU1206_chr08	CBS7001_chr08	458624	459077	1426	insertion	466739	468165
SU1206_chr08	CBS7001_chr08	603182	604272	1090	deletion	612129	612619
SU1206_chr08	CBS7001_chr08	623439	623551	112	deletion	631740	631748
SU1206_chr08	CBS7001_chr08	647895	648018	123	deletion	656051	656146
SU1206_chr08	CBS7001_chr08	647895	669565	95	insertion	656051	656146	double
SU1206_chr08	CBS7001_chr08	657090	679368	22278	deletion	665213	665878
SU1206_chr08	CBS7001_chr08	678639	679368	665	insertion	665213	665878
SU1206_chr08	CBS7001_chr08	738901	740458	1557	deletion	725388	725761
SU1206_chr08	CBS7001_chr08	836752	837885	1133	deletion	818517	819398
SU1206_chr09	CBS7001_chr09	119832	119847	434	insertion	119366	119800
SU1206_chr09	CBS7001_chr09	157081	163488	316	insertion	157130	157446
SU1206_chr09	CBS7001_chr09	157081	163488	6407	deletion	157130	157446
SU1206_chr09	CBS7001_chr09	199815	199950	135	deletion	193043	193079
SU1206_chr09	CBS7001_chr09	211580	211592	154	insertion	204704	204858
SU1206_chr09	CBS7001_chr09	321469	321481	356	insertion	315924	316280
SU1206_chr09	CBS7001_chr09	341491	341493	110	insertion	336260	336370
SU1206_chr09	CBS7001_chr09	370831	372197	1366	deletion	367120	368453	complicated
SU1206_chr09	CBS7001_chr09	370831	372485	1618	insertion	367120	368738	complicated
SU1206_chr10	10	7195	9685	1731	insertion	4339	6070	complicated
SU1206_chr10	10	7195	14972	7777	deletion	4339	11005	complicated
SU1206_chr10	10	13112	14972	1522	insertion	9483	11005	complicated
SU1206_chr10	10	16818	16933	115	deletion	12861	24564
SU1206_chr10	10	16818	16933	11703	insertion	12861	24564
SU1206_chr10	10	102977	102992	661	insertion	110635	111296
SU1206_chr10	10	186318	186986	1615	insertion	194485	196100
SU1206_chr10	10	206101	206102	91	insertion	215294	215385
SU1206_chr10	10	358521	365244	443	insertion	365841	366284
SU1206_chr10	10	358521	365244	6723	deletion	365841	366284
SU1206_chr10	10	406931	414403	1231	insertion	407892	409123	complicated
SU1206_chr10	10	406931	414403	7472	deletion	407892	409123	complicated
SU1206_chr10	10	422114	429017	394	insertion	416510	416904
SU1206_chr10	10	422114	429017	6903	deletion	416510	416904
SU1206_chr10	10	530625	531804	1179	deletion	516505	517215
SU1206_chr10	10	540901	546638	5737	deletion	526749	526759
SU1206_chr10	10	656181	662249	142	insertion	636038	636180
SU1206_chr10	10	656181	662249	6068	deletion	636038	636180
SU1206_chr10	10	739644	740408	1182	insertion	712893	714075
SU1206_chr10	10	744930	745797	1068	insertion	718160	719228
SU1206_chr11	CBS7001_chr11	55753	97898	42145	deletion	51533	51743
SU1206_chr11	CBS7001_chr11	108182	109269	1087	deletion	61751	62515
SU1206_chr11	CBS7001_chr11	178190	178192	62	insertion	131801	131863
SU1206_chr11	CBS7001_chr11	197965	199294	1329	deletion	151492	152098
SU1206_chr11	CBS7001_chr11	211512	211571	59	duplication	164417	164431
SU1206_chr11	CBS7001_chr11	399138	399172	166	insertion	352625	352791
SU1206_chr11	CBS7001_chr11	483054	483095	170	insertion	436595	436765
SU1206_chr11	CBS7001_chr11	491378	491567	1044	insertion	444975	446019
SU1206_chr11	CBS7001_chr11	548809	548856	161	insertion	503461	503622
SU1206_chr11	CBS7001_chr11	585063	585185	122	deletion	539810	539843
SU1206_chr11	CBS7001_chr11	670000	670010	193	insertion	624412	624605
SU1206_chr11	CBS7001_chr11	682364	683978	1479	insertion	636844	638323	complicated
SU1206_chr11	CBS7001_chr11	682420	683978	1558	deletion	636771	638323	complicated
SU1206_chr12	CBS7001_chr12	3207	496467	116	insertion	570957	571073
SU1206_chr12	CBS7001_chr12	4626	1081888	1077262	transloc	9677	1153362	[SU1206_chr07:3207[
SU1206_chr12	CBS7001_chr12	4626	1081888	1077262	transloc	9677	1153362	]SU1206_chr05:88245]
SU1206_chr12	CBS7001_chr12	9236	9251	390	insertion	14324	14714
SU1206_chr12	CBS7001_chr12	106107	107129	1022	deletion	112299	112976	complicated
SU1206_chr12	CBS7001_chr12	196226	196241	148	insertion	201725	201873
SU1206_chr12	CBS7001_chr12	365840	366177	337	deletion	371428	371436
SU1206_chr12	CBS7001_chr12	370010	370216	206	deletion	375227	375244
SU1206_chr12	CBS7001_chr12	391368	391368	144	insertion	396423	396567
SU1206_chr12	CBS7001_chr12	398005	398200	195	deletion	403455	403490
SU1206_chr12	CBS7001_chr12	437410	457484	20074	deletion	442329	494844	complicated
SU1206_chr12	CBS7001_chr12	437410	457484	52515	insertion	442329	494844	complicated
SU1206_chr12	CBS7001_chr12	488453	496467	8014	deletion	571073	574248
SU1206_chr12	CBS7001_chr12	598754	598760	222	insertion	673822	674044
SU1206_chr12	CBS7001_chr12	630380	631775	1395	deletion	705785	706505
SU1206_chr12	CBS7001_chr12	630638	630773	135	duplication	706054	706099
SU1206_chr12	CBS7001_chr12	700916	701071	155	deletion	775376	775538
SU1206_chr12	CBS7001_chr12	845246	846609	1363	deletion	918673	919371
SU1206_chr12	CBS7001_chr12	883534	885040	1506	deletion	956210	956771
SU1206_chr12	CBS7001_chr12	990348	991397	1049	deletion	1062054	1062988
SU1206_chr12	CBS7001_chr12	1074693	1075993	1300	deletion	1146747	1147456
SU1206_chr13	CBS7001_chr13	644590	645194	604	deletion	643672	643710
SU1206_chr13	CBS7001_chr13	801286	802072	786	deletion	800678	800702
SU1206_chr13	CBS7001_chr13	907273	908566	624	insertion	905894	906518
SU1206_chr13	CBS7001_chr13	907273	910061	2788	deletion	905894	908157
SU1206_chr13	CBS7001_chr13	910007	910046	105	insertion	907998	908103
SU1206_chr13	CBS7001_chr13	948520	948784	264	deletion	947845	947849
SU1206_chr13	CBS7001_chr13	950802	951750	948	deletion	949850	949851
SU1206_chr13	CBS7001_chr13	953018	953023	231	insertion	951112	951343
SU1206_chr14	CBS7001_chr14	35272	35616	344	deletion	5527	5538
SU1206_chr14	CBS7001_chr14	41327	41479	152	deletion	10666	10668
SU1206_chr14	CBS7001_chr14	51221	51221	111	insertion	20446	20557
SU1206_chr14	CBS7001_chr14	294997	295090	77	insertion	264972	265049
SU1206_chr14	CBS7001_chr14	577580	578507	2927	insertion	547937	550864
SU1206_chr14	CBS7001_chr14	619894	620859	1176	insertion	592438	593614
SU1206_chr14	CBS7001_chr14	650856	657570	1158	insertion	623512	624670	complicated
SU1206_chr14	CBS7001_chr14	650856	657570	6714	deletion	623512	624670	complicated
SU1206_chr14	CBS7001_chr14	705437	705566	129	deletion	672547	672549
SU1206_chr14	CBS7001_chr14	766691	767868	1177	deletion	733419	734279
SU1206_chr14	CBS7001_chr14	792834	794546	1712	deletion	759881	760083
SU1206_chr16	CBS7001_chr16	40949	41271	322	deletion	31647	31674
SU1206_chr16	CBS7001_chr16	67635	68537	1028	insertion	57990	59018
SU1206_chr16	CBS7001_chr16	271060	271435	375	deletion	261969	262017
SU1206_chr16	CBS7001_chr16	303824	317971	14147	deletion	276518	294465
SU1206_chr16	CBS7001_chr16	475080	475618	1025	insertion	433724	434749
SU1206_chr16	CBS7001_chr16	591973	592248	1368	insertion	550813	552181
SU1206_chr16	CBS7001_chr16	594451	594564	113	deletion	554383	554385
SU1206_chr16	CBS7001_chr16	720099	721079	2573	insertion	680325	682898
SU1206_chr16	CBS7001_chr16	807303	808605	1302	deletion	769587	770041
SU1206_chr16	CBS7001_chr16	889545	889899	2340	insertion	850928	853268
SU1206_chr16	CBS7001_chr16	891338	891440	102	deletion	854711	854711
SU1206chr15	CBS7001_chr15	83681	84804	1123	deletion	90046	91022
SU1206chr15	CBS7001_chr15	246438	247513	1075	deletion	252320	252708
SU1206chr15	CBS7001_chr15	311126	311135	123	contraction	316320	316443
SU1206chr15	CBS7001_chr15	348566	350161	1595	deletion	354096	354809
SU1206chr15	CBS7001_chr15	585424	586428	1004	deletion	590358	591248
SU1206chr15	CBS7001_chr15	602692	602829	137	deletion	607451	607456
SU1206chr15	CBS7001_chr02	738024	856857	70313	insertion	851866	922179
SU1206chr15	CBS7001_chr02	738024	1091786	353762	transloc	922179	1275311	[SU1206_chr02:856857[
SU1206chr15	CBS7001_chr02	823926	824235	309	deletion	1007477	1007788
SU1206chr15	CBS7001_chr02	823965	824235	258	insertion	1007530	1007788	double
SU1206chr15	CBS7001_chr02	884240	884245	123	insertion	1067726	1067849
SU1206chr15	CBS7001_chr02	922387	922584	1238	insertion	1106533	1107771
